{
  "project_info": {
    "project_number": "9452260196",
    "firebase_url": "https://zarada-58ceb.firebaseio.com",
    "project_id": "zarada-58ceb",
    "storage_bucket": "zarada-58ceb.appspot.com"
  },
  "client": [
    {
      "client_info": {
        "mobilesdk_app_id": "1:9452260196:android:13ae2eab43b72f2a",
        "android_client_info": {
          "package_name": "com.dainformation.zarada"
        }
      },
      "oauth_client": [
        {
          "client_id": "9452260196-pcgoogrmbf0db7q5n5kf3jc0h4oantrf.apps.googleusercontent.com",
          "client_type": 3
        }
      ],
      "api_key": [
        {
          "current_key": "AIzaSyA7nPYj0K5BsAOV-hcJsH7EttQBfg23x64"
        }
      ],
      "services": {
        "appinvite_service": {
          "other_platform_oauth_client": [
            {
              "client_id": "9452260196-pcgoogrmbf0db7q5n5kf3jc0h4oantrf.apps.googleusercontent.com",
              "client_type": 3
            },
            {
              "client_id": "9452260196-f0cjjs6qr7hpiooj3h83vejdd1ork0ik.apps.googleusercontent.com",
              "client_type": 2,
              "ios_info": {
                "bundle_id": "com.dainformation.zarada.app"
              }
            }
          ]
        }
      }
    }
  ],
  "configuration_version": "1"
}