<?xml version="1.0" encoding="UTF-8"?>
<!DOCTYPE mapper PUBLIC "-//mybatis.org//DTD Mapper 3.0//EN" "http://mybatis.org/dtd/mybatis-3-mapper.dtd">

<mapper namespace="com.dai.zarada_back.mapper.ChlChildMapper">
    <!-- //////////////////////////////////////////////////////////////////////////////////// -->
    <!-- TABLE BASIC -->
    <!-- //////////////////////////////////////////////////////////////////////////////////// -->

    <select id="selectChlChild" resultType="com.dai.zarada_back.entity.ChlChildEntity">
        <![CDATA[
        /* ChlChildMapper.selectChlChild */
        SELECT CHILD_SEQ
             , USER_SEQ
             , CHILD_NAME
             , BIRTHDAY
             , GENDER_CD
             , ITEM_CD
             , HOSPITAL_NM
             , DOCTOR_NM
             , INJ_VOL
             , DEL_YN
             , CHILD_FILE
             , RGST_DT
             , RGST_ID
             , MDFY_DT
             , MDFY_ID
             , DATE_FORMAT(BIRTHDAY, '%Y년 %m월 %d일') AS BIRTH_TEXT
             , CONCAT('만 '
                    , TIMESTAMPDIFF(YEAR, BIRTHDAY, CURDATE())
                    , '세 '
                    , TIMESTAMPDIFF(MONTH, BIRTHDAY, CURDATE()) % 12
                    , '개월') AS AGE_TEXT
             , (SELECT MAX(RECORD_DY) FROM CHL_INJECTION B WHERE B.child_seq = A.child_seq AND B.new_item_yn = 'Y') AS RECENTLY_NEW_ITEM_DATE
             , (SELECT CHILD_HEIGHT FROM CHL_GROWTH C WHERE C.child_seq = A.child_seq ORDER BY RECORD_DY DESC LIMIT 1) AS RECENTLY_CHILD_HEIGHT
             , (SELECT CHILD_WEIGHT FROM CHL_GROWTH C WHERE C.child_seq = A.child_seq ORDER BY RECORD_DY DESC LIMIT 1) AS RECENTLY_CHILD_WEIGHT
             , (SELECT CHILD_BMI FROM CHL_GROWTH C WHERE C.child_seq = A.child_seq ORDER BY RECORD_DY DESC LIMIT 1) AS RECENTLY_CHILD_BMI
        FROM CHL_CHILD A
        WHERE 1 = 1
        ]]>
        <if test='childSeq != null and childSeq != 0'>
            <![CDATA[
          AND CHILD_SEQ = #{childSeq}
            ]]>
        </if>
        <if test='userSeq != null and userSeq != 0'>
            <![CDATA[
          AND USER_SEQ = #{userSeq}
            ]]>
        </if>
        <if test='delYn != null and !"".equals(delYn)'>
            <![CDATA[
          AND DEL_YN = #{delYn}
            ]]>
        </if>
        <![CDATA[
        ORDER BY CHILD_SEQ
        ]]>
    </select>

    <insert id="insertChlChild">
        <![CDATA[
        /* ChlChildMapper.insertChlChild */
        INSERT INTO CHL_CHILD ( USER_SEQ
                              , CHILD_NAME
                              , BIRTHDAY
                              , GENDER_CD
                              , ITEM_CD
                              , HOSPITAL_NM
                              , DOCTOR_NM
                              , INJ_VOL
                              , DEL_YN
                              , CHILD_FILE
                              , RGST_DT
                              , RGST_ID
                              , MDFY_DT
                              , MDFY_ID)
        VALUES ( #{userSeq}
               , #{childName}
               , #{birthday}
               , #{genderCd}
               , #{itemCd}
               , #{hospitalNm}
               , #{doctorNm}
               , #{injVol}
               , #{delYn}
               , #{childFile}
               , NOW()
               , #{_loginId}
               , NOW()
               , #{_loginId})
        ]]>
    </insert>

    <update id="updateChlChild">
        <![CDATA[
        /* ChlChildMapper.updateChlChild */
        UPDATE CHL_CHILD
        SET USER_SEQ    = #{userSeq}
          , CHILD_NAME  = #{childName}
          , BIRTHDAY    = #{birthday}
          , GENDER_CD   = #{genderCd}
          , ITEM_CD     = #{itemCd}
          , HOSPITAL_NM = #{hospitalNm}
          , DOCTOR_NM   = #{doctorNm}
          , INJ_VOL     = #{injVol}
          , DEL_YN      = #{delYn}
          , CHILD_FILE  = #{childFile}
          , MDFY_DT     = NOW()
          , MDFY_ID     = #{_loginId}
        WHERE CHILD_SEQ = #{childSeq}
        ]]>
    </update>

    <delete id="deleteChlChild">
        <![CDATA[
        /* ChlChildMapper.deleteChlChild */
        DELETE
        FROM CHL_CHILD
        WHERE CHILD_SEQ = #{childSeq}
        ]]>
    </delete>

    <!-- //////////////////////////////////////////////////////////////////////////////////// -->
    <!-- SELECT -->
    <!-- //////////////////////////////////////////////////////////////////////////////////// -->

    <!-- //////////////////////////////////////////////////////////////////////////////////// -->
    <!-- INSERT -->
    <!-- //////////////////////////////////////////////////////////////////////////////////// -->

    <!-- //////////////////////////////////////////////////////////////////////////////////// -->
    <!-- UPDATE -->
    <!-- //////////////////////////////////////////////////////////////////////////////////// -->

    <update id="updateChildFromNurse">
        <![CDATA[
        /* ChlChildMapper.updateChildFromNurse */
        UPDATE CHL_CHILD
        SET ITEM_CD     = #{itemCd}
          , HOSPITAL_NM = #{hospitalNm}
          , DOCTOR_NM   = #{doctorNm}
          , MDFY_DT     = NOW()
          , MDFY_ID     = #{_loginId}
        WHERE CHILD_SEQ = #{childSeq}
        ]]>
    </update>

    <update id="updateChildFromUser">
        <![CDATA[
        /* ChlChildMapper.updateChildFromUser */
        UPDATE CHL_CHILD
        SET CHILD_NAME  = #{childName}
          , BIRTHDAY    = #{birthday}
          , GENDER_CD   = #{genderCd}
          , ITEM_CD     = #{itemCd}
          , HOSPITAL_NM = #{hospitalNm}
          , DOCTOR_NM   = #{doctorNm}
          , INJ_VOL     = #{injVol}
          , CHILD_FILE  = #{childFile}
          , MDFY_DT     = NOW()
          , MDFY_ID     = #{_loginId}
        WHERE CHILD_SEQ = #{childSeq}
          AND USER_SEQ = #{userSeq}
        ]]>
    </update>

    <update id="updateChildDelYn">
        <![CDATA[
        /* ChlChildMapper.updateChildDelYn */
        UPDATE CHL_CHILD
        SET DEL_YN  = #{delYn}
          , MDFY_DT = NOW()
          , MDFY_ID = #{_loginId}
        WHERE CHILD_SEQ = #{childSeq}
          AND USER_SEQ = #{userSeq}
        ]]>
    </update>

    <!-- //////////////////////////////////////////////////////////////////////////////////// -->
    <!-- DELETE -->
    <!-- //////////////////////////////////////////////////////////////////////////////////// -->
</mapper>
