<?xml version="1.0" encoding="UTF-8"?>
<!DOCTYPE mapper PUBLIC "-//mybatis.org//DTD Mapper 3.0//EN" "http://mybatis.org/dtd/mybatis-3-mapper.dtd">

<mapper namespace="com.dai.zarada_back.mapper.ChlGrowthMapper">
    <!-- //////////////////////////////////////////////////////////////////////////////////// -->
    <!-- TABLE BASIC -->
    <!-- //////////////////////////////////////////////////////////////////////////////////// -->

    <select id="selectChlGrowth" resultType="com.dai.zarada_back.entity.ChlGrowthEntity">
        <![CDATA[
        /* ChlGrowthMapper.selectChlGrowth */
        SELECT GROWTH_SEQ
             , CHILD_SEQ
             , RECORD_DY
             , CHILD_HEIGHT
             , CHILD_WEIGHT
             , CHILD_BMI
             , RECORD_COMMENT
             , RGST_DT
             , RGST_ID
             , MDFY_DT
             , MDFY_ID
        FROM CHL_GROWTH
        WHERE 1 = 1
        ]]>
        <if test='growthSeq != null and growthSeq != 0'>
            <![CDATA[
          AND GROWTH_SEQ = #{growthSeq}
            ]]>
        </if>
        <if test='childSeq != null and childSeq != 0'>
            <![CDATA[
          AND CHILD_SEQ = #{childSeq}
            ]]>
        </if>
        <if test='recordDy != null and !"".equals(recordDy)'>
            <![CDATA[
          AND RECORD_DY = #{recordDy}
            ]]>
        </if>
        <![CDATA[
        ORDER BY GROWTH_SEQ
        ]]>
    </select>

    <insert id="insertChlGrowth">
        <![CDATA[
        /* ChlGrowthMapper.insertChlGrowth */
        INSERT INTO CHL_GROWTH ( CHILD_SEQ
                               , RECORD_DY
                               , CHILD_HEIGHT
                               , CHILD_WEIGHT
                               , CHILD_BMI
                               , RECORD_COMMENT
                               , RGST_DT
                               , RGST_ID
                               , MDFY_DT
                               , MDFY_ID)
        VALUES ( #{childSeq}
               , #{recordDy}
               , #{childHeight}
               , #{childWeight}
               , #{childBmi}
               , #{recordComment}
               , NOW()
               , #{_loginId}
               , NOW()
               , #{_loginId})
        ]]>
    </insert>

    <update id="updateChlGrowth">
        <![CDATA[
        /* ChlGrowthMapper.updateChlGrowth */
        UPDATE CHL_GROWTH
        SET CHILD_SEQ      = #{childSeq}
          , RECORD_DY      = #{recordDy}
          , CHILD_HEIGHT   = #{childHeight}
          , CHILD_WEIGHT   = #{childWeight}
          , CHILD_BMI      = #{childBmi}
          , RECORD_COMMENT = #{recordComment}
          , MDFY_DT        = NOW()
          , MDFY_ID        = #{_loginId}
        WHERE GROWTH_SEQ = #{growthSeq}
        ]]>
    </update>

    <delete id="deleteChlGrowth">
        <![CDATA[
        /* ChlGrowthMapper.deleteChlGrowth */
        DELETE
        FROM CHL_GROWTH
        WHERE GROWTH_SEQ = #{growthSeq}
        ]]>
    </delete>

    <!-- //////////////////////////////////////////////////////////////////////////////////// -->
    <!-- SELECT -->
    <!-- //////////////////////////////////////////////////////////////////////////////////// -->

    <select id="selectChildGrowth" resultType="com.dai.zarada_back.entity.ChildGrowthEntity">
        <![CDATA[
        /* ChlGrowthMapper.selectChildGrowth */
        WITH V1 AS (
            SELECT A.GROWTH_SEQ
                 , A.CHILD_SEQ
                 , A.RECORD_DY
                 , A.CHILD_HEIGHT
                 , A.CHILD_WEIGHT
                 , A.CHILD_BMI
                 , A.RECORD_COMMENT
                 , DATEDIFF(A.RECORD_DY, (SELECT MIN(C.RECORD_DY) FROM CHL_INJECTION C WHERE C.CHILD_SEQ = A.CHILD_SEQ)) AS INJ_DAYS
                 , TIMESTAMPDIFF(YEAR, B.BIRTHDAY, A.RECORD_DY) AS AGE
                 , TIMESTAMPDIFF(MONTH, B.BIRTHDAY, A.RECORD_DY) AS MONTH
                 , B.GENDER_CD
            FROM CHL_GROWTH A INNER JOIN CHL_CHILD B ON A.CHILD_SEQ = B.CHILD_SEQ
            WHERE 1 = 1
            ]]>
        <if test='growthSeq != null and growthSeq != 0'>
            <![CDATA[
                AND A.GROWTH_SEQ = #{growthSeq}
            ]]>
        </if>
        <if test='recordDy != null and !"".equals(recordDy)'>
            <![CDATA[
                AND A.RECORD_DY = #{recordDy}
            ]]>
        </if>
        <if test='childSeq != null and childSeq != 0'>
            <![CDATA[
                AND A.CHILD_SEQ = #{childSeq}
            ]]>
        </if>
        <![CDATA[
        ), V2 AS (
            SELECT A.GROWTH_SEQ
                    , A.CHILD_SEQ
                    , A.RECORD_DY
                    , A.CHILD_HEIGHT
                    , A.CHILD_WEIGHT
                    , A.CHILD_BMI
                    , A.RECORD_COMMENT
                    , A.INJ_DAYS
                    , A.AGE
                    , A.MONTH
                    , A.GENDER_CD
                    , (SELECT VAL_L FROM STD_GROWTHCHART B WHERE B.AGE = A.AGE AND B.MONTH = A.MONTH AND B.GENDER_CD = A.GENDER_CD AND B.CHART_DVSN = 'HEIGHT') AS VAL_L_HEIGHT
                    , (SELECT VAL_M FROM STD_GROWTHCHART B WHERE B.AGE = A.AGE AND B.MONTH = A.MONTH AND B.GENDER_CD = A.GENDER_CD AND B.CHART_DVSN = 'HEIGHT') AS VAL_M_HEIGHT
                    , (SELECT VAL_S FROM STD_GROWTHCHART B WHERE B.AGE = A.AGE AND B.MONTH = A.MONTH AND B.GENDER_CD = A.GENDER_CD AND B.CHART_DVSN = 'HEIGHT') AS VAL_S_HEIGHT
                    , (SELECT VAL_L FROM STD_GROWTHCHART B WHERE B.AGE = A.AGE AND B.MONTH = A.MONTH AND B.GENDER_CD = A.GENDER_CD AND B.CHART_DVSN = 'WEIGHT') AS VAL_L_WEIGHT
                    , (SELECT VAL_M FROM STD_GROWTHCHART B WHERE B.AGE = A.AGE AND B.MONTH = A.MONTH AND B.GENDER_CD = A.GENDER_CD AND B.CHART_DVSN = 'WEIGHT') AS VAL_M_WEIGHT
                    , (SELECT VAL_S FROM STD_GROWTHCHART B WHERE B.AGE = A.AGE AND B.MONTH = A.MONTH AND B.GENDER_CD = A.GENDER_CD AND B.CHART_DVSN = 'WEIGHT') AS VAL_S_WEIGHT
                    , (SELECT VAL_L FROM STD_GROWTHCHART B WHERE B.AGE = A.AGE AND B.MONTH = A.MONTH AND B.GENDER_CD = A.GENDER_CD AND B.CHART_DVSN = 'BMI') AS VAL_L_BMI
                    , (SELECT VAL_M FROM STD_GROWTHCHART B WHERE B.AGE = A.AGE AND B.MONTH = A.MONTH AND B.GENDER_CD = A.GENDER_CD AND B.CHART_DVSN = 'BMI') AS VAL_M_BMI
                    , (SELECT VAL_S FROM STD_GROWTHCHART B WHERE B.AGE = A.AGE AND B.MONTH = A.MONTH AND B.GENDER_CD = A.GENDER_CD AND B.CHART_DVSN = 'BMI') AS VAL_S_BMI
            FROM V1 A
        )
        SELECT GROWTH_SEQ
             , CHILD_SEQ
             , RECORD_DY
             , CHILD_HEIGHT
             , CHILD_WEIGHT
             , CHILD_BMI
             , RECORD_COMMENT
             , INJ_DAYS
             , AGE
             , MONTH
             , GENDER_CD
             , (POW((CHILD_HEIGHT / MAX(VAL_M_HEIGHT)), MAX(VAL_L_HEIGHT)) - 1) / (MAX(VAL_L_HEIGHT) * MAX(VAL_S_HEIGHT)) AS CHILD_HEIGHT_PERCENT
             , (POW((CHILD_WEIGHT / MAX(VAL_M_WEIGHT)), MAX(VAL_L_WEIGHT)) - 1) / (MAX(VAL_L_WEIGHT) * MAX(VAL_S_WEIGHT)) AS CHILD_WEIGHT_PERCENT
             , (POW((CHILD_BMI / MAX(VAL_M_BMI)), MAX(VAL_L_BMI)) - 1) / (MAX(VAL_L_BMI) * MAX(VAL_S_BMI)) AS CHILD_BMI_PERCENT
        FROM V2
        GROUP BY GROWTH_SEQ
        ORDER BY RECORD_DY DESC
        ]]>
    </select>

    <select id="selectGrowthChart" resultType="com.dai.zarada_back.entity.GrowthChartEntity">
        <![CDATA[
        /* ChlGrowthMapper.selectGrowthChart */
        WITH MASTER_TAB AS (
            SELECT MAX(A.GROWTHCHART_SEQ) AS GROWTHCHART_SEQ
                 , A.GENDER_CD
                 , A.AGE
        ]]>
        <if test='dvsn != null and "MONTH".equals(dvsn)'>
            <![CDATA[
                 , A.MONTH
            ]]>
        </if>
        <![CDATA[
                 , (SELECT B.VAL_1 FROM STD_GROWTHCHART B WHERE B.GROWTHCHART_SEQ = MAX(A.GROWTHCHART_SEQ) AND B.CHART_DVSN = #{chartDvsn}) AS VAL_1
                 , (SELECT B.VAL_3 FROM STD_GROWTHCHART B WHERE B.GROWTHCHART_SEQ = MAX(A.GROWTHCHART_SEQ) AND B.CHART_DVSN = #{chartDvsn}) AS VAL_3
                 , (SELECT B.VAL_5 FROM STD_GROWTHCHART B WHERE B.GROWTHCHART_SEQ = MAX(A.GROWTHCHART_SEQ) AND B.CHART_DVSN = #{chartDvsn}) AS VAL_5
                 , (SELECT B.VAL_10 FROM STD_GROWTHCHART B WHERE B.GROWTHCHART_SEQ = MAX(A.GROWTHCHART_SEQ) AND B.CHART_DVSN = #{chartDvsn}) AS VAL_10
                 , (SELECT B.VAL_15 FROM STD_GROWTHCHART B WHERE B.GROWTHCHART_SEQ = MAX(A.GROWTHCHART_SEQ) AND B.CHART_DVSN = #{chartDvsn}) AS VAL_15
                 , (SELECT B.VAL_25 FROM STD_GROWTHCHART B WHERE B.GROWTHCHART_SEQ = MAX(A.GROWTHCHART_SEQ) AND B.CHART_DVSN = #{chartDvsn}) AS VAL_25
                 , (SELECT B.VAL_50 FROM STD_GROWTHCHART B WHERE B.GROWTHCHART_SEQ = MAX(A.GROWTHCHART_SEQ) AND B.CHART_DVSN = #{chartDvsn}) AS VAL_50
                 , (SELECT B.VAL_75 FROM STD_GROWTHCHART B WHERE B.GROWTHCHART_SEQ = MAX(A.GROWTHCHART_SEQ) AND B.CHART_DVSN = #{chartDvsn}) AS VAL_75
                 , (SELECT B.VAL_85 FROM STD_GROWTHCHART B WHERE B.GROWTHCHART_SEQ = MAX(A.GROWTHCHART_SEQ) AND B.CHART_DVSN = #{chartDvsn}) AS VAL_85
                 , (SELECT B.VAL_90 FROM STD_GROWTHCHART B WHERE B.GROWTHCHART_SEQ = MAX(A.GROWTHCHART_SEQ) AND B.CHART_DVSN = #{chartDvsn}) AS VAL_90
                 , (SELECT B.VAL_95 FROM STD_GROWTHCHART B WHERE B.GROWTHCHART_SEQ = MAX(A.GROWTHCHART_SEQ) AND B.CHART_DVSN = #{chartDvsn}) AS VAL_95
                 , (SELECT B.VAL_97 FROM STD_GROWTHCHART B WHERE B.GROWTHCHART_SEQ = MAX(A.GROWTHCHART_SEQ) AND B.CHART_DVSN = #{chartDvsn}) AS VAL_97
                 , (SELECT B.VAL_99 FROM STD_GROWTHCHART B WHERE B.GROWTHCHART_SEQ = MAX(A.GROWTHCHART_SEQ) AND B.CHART_DVSN = #{chartDvsn}) AS VAL_99
            FROM STD_GROWTHCHART A
            WHERE A.CHART_DVSN = #{chartDvsn}
              AND A.GENDER_CD = #{genderCd}
        ]]>
        <if test='dvsn != null and "MONTH".equals(dvsn)'>
            <![CDATA[
              AND A.MONTH BETWEEN #{month} - 10 AND #{month} + 3
            ]]>
        </if>
        <![CDATA[
            GROUP BY A.GENDER_CD
                   , A.AGE
        ]]>
        <if test='dvsn != null and "MONTH".equals(dvsn)'>
            <![CDATA[
                   , A.MONTH
            ]]>
        </if>
        <![CDATA[
        ORDER BY A.AGE
        ]]>
        <if test='dvsn != null and "MONTH".equals(dvsn)'>
            <![CDATA[
               , A.MONTH
            ]]>
        </if>
        <![CDATA[
        ), CHILD_TAB AS (
        ]]>
        <if test='dvsn != null and "YEAR".equals(dvsn)'>
            <![CDATA[
            SELECT E.*
                 , D.AGE
            FROM CHL_GROWTH E INNER JOIN ( SELECT MAX(C.RECORD_DY) AS RECORD_DY
                                                , C.AGE
                                           FROM ( SELECT A.*
                                                       , FLOOR(DATEDIFF(A.RECORD_DY, B.BIRTHDAY) / 365) AS AGE
                                                       , TIMESTAMPDIFF(MONTH, B.BIRTHDAY, A.RECORD_DY) AS MONTH
                                                   FROM CHL_GROWTH A INNER JOIN CHL_CHILD B ON A.CHILD_SEQ = B.CHILD_SEQ
                                                   WHERE A.CHILD_SEQ = #{childSeq}
                                                   ORDER BY A.RECORD_DY DESC ) C
                                           GROUP BY AGE ) D ON E.RECORD_DY = D.RECORD_DY
            WHERE E.CHILD_SEQ = #{childSeq}
            ORDER BY E.RECORD_DY DESC
        ]]>
        </if>
        <if test='dvsn != null and "MONTH".equals(dvsn)'>
            <![CDATA[
            SELECT E.*
                 , D.MONTH
            FROM CHL_GROWTH E INNER JOIN ( SELECT MAX(C.RECORD_DY) AS RECORD_DY
                                                , C.MONTH
                                           FROM ( SELECT A.*
                                                       , FLOOR(DATEDIFF(A.RECORD_DY, B.BIRTHDAY) / 365) AS AGE
                                                       , TIMESTAMPDIFF(MONTH, B.BIRTHDAY, A.RECORD_DY) AS MONTH
                                                   FROM CHL_GROWTH A INNER JOIN CHL_CHILD B ON A.CHILD_SEQ = B.CHILD_SEQ
                                                   WHERE A.CHILD_SEQ = #{childSeq}
                                                   ORDER BY A.RECORD_DY DESC ) C
                                           GROUP BY MONTH ) D ON E.RECORD_DY = D.RECORD_DY
            WHERE E.CHILD_SEQ = #{childSeq}
            ORDER BY E.RECORD_DY DESC
        ]]>
        </if>
        <![CDATA[
        ), TAB AS (
            SELECT A.*
                 , CASE WHEN B.CHILD_HEIGHT IS NULL THEN -1 ELSE B.CHILD_HEIGHT END CHILD_HEIGHT
                 , CASE WHEN B.CHILD_WEIGHT IS NULL THEN -1 ELSE B.CHILD_WEIGHT END CHILD_WEIGHT
                 , CASE WHEN B.CHILD_BMI IS NULL THEN -1 ELSE B.CHILD_BMI END CHILD_BMI
        ]]>
        <if test='dvsn != null and "YEAR".equals(dvsn)'>
            <![CDATA[
                , CASE WHEN B.AGE IS NULL THEN -1 ELSE B.AGE END CHILD_AGE
            FROM MASTER_TAB A LEFT OUTER JOIN CHILD_TAB B ON A.AGE = B.AGE
            ]]>
        </if>
        <if test='dvsn != null and "MONTH".equals(dvsn)'>
            <![CDATA[
                , CASE WHEN B.MONTH IS NULL THEN -1 ELSE B.MONTH END CHILD_AGE
            FROM MASTER_TAB A LEFT OUTER JOIN CHILD_TAB B ON A.MONTH = B.MONTH
            ]]>
        </if>
        <![CDATA[
        )
        SELECT
        ]]>
        <choose>
            <when test='"BMI".equals(chartDvsn) and dvsn != null and "MONTH".equals(dvsn) and month lt 21'>  <!-- month <= 20 -->
                <![CDATA[
                    *
                ]]>
            </when>
            <when test='dvsn != null and "MONTH".equals(dvsn)'>
                <![CDATA[
                    GROUP_CONCAT(CONCAT(AGE, '세') SEPARATOR '/') AS AGE
                    , GROUP_CONCAT(CONCAT(MONTH, '개월') SEPARATOR '/') AS MONTH
                    , GROUP_CONCAT(VAL_1 SEPARATOR '/') AS VAL_1
                    , GROUP_CONCAT(VAL_3 SEPARATOR '/') AS VAL_3
                    , GROUP_CONCAT(VAL_5 SEPARATOR '/') AS VAL_5
                    , GROUP_CONCAT(VAL_10 SEPARATOR '/') AS VAL_10
                    , GROUP_CONCAT(VAL_15 SEPARATOR '/') AS VAL_15
                    , GROUP_CONCAT(VAL_25 SEPARATOR '/') AS VAL_25
                    , GROUP_CONCAT(VAL_50 SEPARATOR '/') AS VAL_50
                    , GROUP_CONCAT(VAL_75 SEPARATOR '/') AS VAL_75
                    , GROUP_CONCAT(VAL_85 SEPARATOR '/') AS VAL_85
                    , GROUP_CONCAT(VAL_90 SEPARATOR '/') AS VAL_90
                    , GROUP_CONCAT(VAL_95 SEPARATOR '/') AS VAL_95
                    , GROUP_CONCAT(VAL_97 SEPARATOR '/') AS VAL_97
                    , GROUP_CONCAT(VAL_99 SEPARATOR '/') AS VAL_99
                    , GROUP_CONCAT(CHILD_AGE SEPARATOR '/') AS CHILD_AGE
                    , GROUP_CONCAT(CHILD_HEIGHT SEPARATOR '/') AS CHILD_HEIGHT
                    , GROUP_CONCAT(CHILD_WEIGHT SEPARATOR '/') AS CHILD_WEIGHT
                    , GROUP_CONCAT(CHILD_BMI SEPARATOR '/') AS CHILD_BMI
                ]]>
            </when>
            <otherwise>
                <![CDATA[
                    GROUP_CONCAT(CONCAT(AGE, '세') SEPARATOR '/') AS AGE
                    , GROUP_CONCAT(VAL_1 SEPARATOR '/') AS VAL_1
                    , GROUP_CONCAT(VAL_3 SEPARATOR '/') AS VAL_3
                    , GROUP_CONCAT(VAL_5 SEPARATOR '/') AS VAL_5
                    , GROUP_CONCAT(VAL_10 SEPARATOR '/') AS VAL_10
                    , GROUP_CONCAT(VAL_15 SEPARATOR '/') AS VAL_15
                    , GROUP_CONCAT(VAL_25 SEPARATOR '/') AS VAL_25
                    , GROUP_CONCAT(VAL_50 SEPARATOR '/') AS VAL_50
                    , GROUP_CONCAT(VAL_75 SEPARATOR '/') AS VAL_75
                    , GROUP_CONCAT(VAL_85 SEPARATOR '/') AS VAL_85
                    , GROUP_CONCAT(VAL_90 SEPARATOR '/') AS VAL_90
                    , GROUP_CONCAT(VAL_95 SEPARATOR '/') AS VAL_95
                    , GROUP_CONCAT(VAL_97 SEPARATOR '/') AS VAL_97
                    , GROUP_CONCAT(VAL_99 SEPARATOR '/') AS VAL_99
                    , GROUP_CONCAT(CHILD_AGE SEPARATOR '/') AS CHILD_AGE
                    , GROUP_CONCAT(CHILD_HEIGHT SEPARATOR '/') AS CHILD_HEIGHT
                    , GROUP_CONCAT(CHILD_WEIGHT SEPARATOR '/') AS CHILD_WEIGHT
                    , GROUP_CONCAT(CHILD_BMI SEPARATOR '/') AS CHILD_BMI
                ]]>
            </otherwise>
        </choose>
        <![CDATA[
        FROM TAB
        ]]>
    </select>

    <!-- //////////////////////////////////////////////////////////////////////////////////// -->
    <!-- INSERT -->
    <!-- //////////////////////////////////////////////////////////////////////////////////// -->

    <!-- //////////////////////////////////////////////////////////////////////////////////// -->
    <!-- UPDATE -->
    <!-- //////////////////////////////////////////////////////////////////////////////////// -->

    <update id="updateChildGrowth">
        <![CDATA[
        /* ChlGrowthMapper.updateChildGrowth */
        UPDATE CHL_GROWTH
        SET CHILD_HEIGHT   = #{childHeight}
          , CHILD_WEIGHT   = #{childWeight}
          , CHILD_BMI      = #{childBmi}
          , RECORD_COMMENT = #{recordComment}
          , MDFY_DT        = NOW()
          , MDFY_ID        = #{_loginId}
        WHERE CHILD_SEQ = #{childSeq}
          AND RECORD_DY = #{recordDy}
        ]]>
    </update>

    <!-- //////////////////////////////////////////////////////////////////////////////////// -->
    <!-- DELETE -->
    <!-- //////////////////////////////////////////////////////////////////////////////////// -->
</mapper>
