<?xml version="1.0" encoding="UTF-8"?>
<!DOCTYPE mapper PUBLIC "-//mybatis.org//DTD Mapper 3.0//EN" "http://mybatis.org/dtd/mybatis-3-mapper.dtd">

<mapper namespace="com.dai.zarada_back.mapper.ChlInjectionMapper">
    <!-- //////////////////////////////////////////////////////////////////////////////////// -->
    <!-- TABLE BASIC -->
    <!-- //////////////////////////////////////////////////////////////////////////////////// -->

    <select id="selectChlInjection" resultType="com.dai.zarada_back.entity.ChlInjectionEntity">
        <![CDATA[
        /* ChlInjectionMapper.selectChlInjection */
        SELECT INJECTION_SEQ
             , CHILD_SEQ
             , RECORD_DY
             , RECORD_TM
             , NEW_ITEM_YN
             , ITEM_CD
             , INJ_PART_CD
             , INJ_VOL
             , RECORD_COMMENT
             , RGST_DT
             , RGST_ID
             , MDFY_DT
             , MDFY_ID
        FROM CHL_INJECTION
        WHERE 1 = 1
        ]]>
        <if test='injectionSeq != null and injectionSeq != 0'>
            <![CDATA[
          AND INJECTION_SEQ = #{injectionSeq}
            ]]>
        </if>
        <if test='childSeq != null and childSeq != 0'>
            <![CDATA[
          AND CHILD_SEQ = #{childSeq}
            ]]>
        </if>
        <if test='recordDy != null and !"".equals(recordDy)'>
            <![CDATA[
          AND RECORD_DY = #{recordDy}
            ]]>
        </if>
        <![CDATA[
        ORDER BY INJECTION_SEQ
        ]]>
    </select>

    <insert id="insertChlInjection">
        <![CDATA[
        /* ChlInjectionMapper.insertChlInjection */
        INSERT INTO CHL_INJECTION ( CHILD_SEQ
                                  , RECORD_DY
                                  , RECORD_TM
                                  , NEW_ITEM_YN
                                  , ITEM_CD
                                  , INJ_PART_CD
                                  , INJ_VOL
                                  , RECORD_COMMENT
                                  , RGST_DT
                                  , RGST_ID
                                  , MDFY_DT
                                  , MDFY_ID)
        VALUES ( #{childSeq}
               , #{recordDy}
               , #{recordTm}
               , #{newItemYn}
               , #{itemCd}
               , #{injPartCd}
               , #{injVol}
               , #{recordComment}
               , NOW()
               , #{_loginId}
               , NOW()
               , #{_loginId})
        ]]>
    </insert>

    <update id="updateChlInjection">
        <![CDATA[
        /* ChlInjectionMapper.updateChlInjection */
        UPDATE CHL_INJECTION
        SET CHILD_SEQ      = #{childSeq}
          , RECORD_DY      = #{recordDy}
          , RECORD_TM      = #{recordTm}
          , NEW_ITEM_YN    = #{newItemYn}
          , ITEM_CD        = #{itemCd}
          , INJ_PART_CD    = #{injPartCd}
          , INJ_VOL        = #{injVol}
          , RECORD_COMMENT = #{recordComment}
          , MDFY_DT        = NOW()
          , MDFY_ID        = #{_loginId}
        WHERE INJECTION_SEQ = #{injectionSeq}
        ]]>
    </update>

    <delete id="deleteChlInjection">
        <![CDATA[
        /* ChlInjectionMapper.deleteChlInjection */
        DELETE
        FROM CHL_INJECTION
        WHERE INJECTION_SEQ = #{injectionSeq}
        ]]>
    </delete>

    <!-- //////////////////////////////////////////////////////////////////////////////////// -->
    <!-- SELECT -->
    <!-- //////////////////////////////////////////////////////////////////////////////////// -->

    <select id="selectChildInjection" resultType="com.dai.zarada_back.entity.ChildInjectionEntity">
        <![CDATA[
        /* ChlInjectionMapper.selectChildInjection */
        SELECT A.INJECTION_SEQ
             , A.CHILD_SEQ
             , A.RECORD_DY
             , A.RECORD_TM
             , A.NEW_ITEM_YN
             , A.ITEM_CD
             , A.INJ_PART_CD
             , A.INJ_VOL
             , A.RECORD_COMMENT
             , DATEDIFF(A.RECORD_DY, (SELECT MIN(B.RECORD_DY) FROM CHL_INJECTION B WHERE B.CHILD_SEQ = A.CHILD_SEQ)) AS INJ_DAYS
        FROM CHL_INJECTION A
        WHERE A.CHILD_SEQ = #{childSeq}
        ]]>
        <if test='recordDy != null and !"".equals(recordDy)'>
            <![CDATA[
          AND A.RECORD_DY = #{recordDy}
            ]]>
        </if>
        <if test='injMonth != null and !"".equals(injMonth)'>
            <![CDATA[
          AND A.RECORD_DY BETWEEN DATE_SUB(STR_TO_DATE(CONCAT(#{injMonth}, '-01'), '%Y-%m-%d'), INTERVAL 1 MONTH)
                             AND DATE_SUB(DATE_ADD(STR_TO_DATE(CONCAT(#{injMonth}, '-01'), '%Y-%m-%d'), INTERVAL 2 MONTH), INTERVAL 1 DAY)
            ]]>
        </if>
        <if test='mainYn != null and "Y".equals(mainYn)'>
            <![CDATA[
          AND A.RECORD_DY BETWEEN DATE_FORMAT(DATE_SUB(NOW(), INTERVAL (WEEKDAY(NOW()) + 1) DAY), '%Y-%m-%d')
                              AND DATE_FORMAT(DATE_SUB(NOW(), INTERVAL (WEEKDAY(NOW()) - 5) DAY), '%Y-%m-%d')
            ]]>
        </if>
        <![CDATA[
        ORDER BY A.RECORD_DY
               , A.RECORD_TM
               , A.INJECTION_SEQ
        ]]>
    </select>

    <select id="selectAlarm" resultType="com.dai.zarada_back.entity.AlarmEntity">
        <![CDATA[
        /* ChlInjectionMapper.selectAlarm */
        SELECT ALARM_SEQ
             , USER_SEQ
             , CHILD_SEQ
             , AL_YN
             , AL_TM
             , MON_YN
             , TUE_YN
             , WED_YN
             , THU_YN
             , FRI_YN
             , SAT_YN
             , SUN_YN
             , RGST_DT
             , RGST_ID
             , MDFY_DT
             , MDFY_ID
        FROM ETC_ALARM
        WHERE 1 = 1
        ]]>
        <if test='alarmSeq != null and alarmSeq != 0'>
            <![CDATA[
          AND ALARM_SEQ = #{alarmSeq}
            ]]>
        </if>
        <if test='userSeq != null and userSeq != 0'>
            <![CDATA[
          AND USER_SEQ = #{userSeq}
            ]]>
        </if>
        <if test='childSeq != null and childSeq != 0'>
            <![CDATA[
          AND CHILD_SEQ = #{childSeq}
            ]]>
        </if>
        <![CDATA[
        ORDER BY ALARM_SEQ
        ]]>
    </select>

    <select id="selectUserAlarm" resultType="com.dai.zarada_back.entity.UserAlarmEntity">
        <![CDATA[
        /* ChlInjectionMapper.selectUserAlarm */
        SELECT A.USER_SEQ
             , C.CHILD_SEQ
             , C.CHILD_NAME
             , C.INJ_VOL
             , B.FCM_TOKEN
        FROM ETC_ALARM A INNER JOIN USR_USER B ON A.USER_SEQ = B.USER_SEQ
                         INNER JOIN CHL_CHILD C ON A.CHILD_SEQ = C.CHILD_SEQ
        WHERE A.AL_YN = 'Y'
          AND SUBSTRING(A.AL_TM, 1, 5) = SUBSTRING(#{currentTime}, 1, 5)
        ]]>
        <if test='dayOfWeek != null and "MONDAY".equals(dayOfWeek)'>
            <![CDATA[
          AND A.MON_YN = 'Y'
            ]]>
        </if>
        <if test='dayOfWeek != null and "TUESDAY".equals(dayOfWeek)'>
            <![CDATA[
          AND A.TUE_YN = 'Y'
            ]]>
        </if>
        <if test='dayOfWeek != null and "WEDNESDAY".equals(dayOfWeek)'>
            <![CDATA[
          AND A.WED_YN = 'Y'
            ]]>
        </if>
        <if test='dayOfWeek != null and "THURSDAY".equals(dayOfWeek)'>
            <![CDATA[
          AND A.THU_YN = 'Y'
            ]]>
        </if>
        <if test='dayOfWeek != null and "FRIDAY".equals(dayOfWeek)'>
            <![CDATA[
          AND A.FRI_YN = 'Y'
            ]]>
        </if>
        <if test='dayOfWeek != null and "SATURDAY".equals(dayOfWeek)'>
            <![CDATA[
          AND A.SAT_YN = 'Y'
            ]]>
        </if>
        <if test='dayOfWeek != null and "SUNDAY".equals(dayOfWeek)'>
            <![CDATA[
          AND A.SUN_YN = 'Y'
            ]]>
        </if>
        <![CDATA[
        ORDER BY A.USER_SEQ
        ]]>
    </select>

    <!-- //////////////////////////////////////////////////////////////////////////////////// -->
    <!-- INSERT -->
    <!-- //////////////////////////////////////////////////////////////////////////////////// -->

    <insert id="insertAlarm">
        <![CDATA[
        /* ChlInjectionMapper.insertAlarm */
        INSERT INTO ETC_ALARM ( USER_SEQ
                              , CHILD_SEQ
                              , AL_YN
                              , AL_TM
                              , MON_YN
                              , TUE_YN
                              , WED_YN
                              , THU_YN
                              , FRI_YN
                              , SAT_YN
                              , SUN_YN
                              , RGST_DT
                              , RGST_ID
                              , MDFY_DT
                              , MDFY_ID)
        VALUES ( #{userSeq}
               , #{childSeq}
               , #{alYn}
               , #{alTm}
               , #{monYn}
               , #{tueYn}
               , #{wedYn}
               , #{thuYn}
               , #{friYn}
               , #{satYn}
               , #{sunYn}
               , NOW()
               , #{_loginId}
               , NOW()
               , #{_loginId})
        ]]>
    </insert>

    <!-- //////////////////////////////////////////////////////////////////////////////////// -->
    <!-- UPDATE -->
    <!-- //////////////////////////////////////////////////////////////////////////////////// -->

    <update id="updateChildInjection">
        <![CDATA[
        /* ChlInjectionMapper.updateChildInjection */
        UPDATE CHL_INJECTION
        SET CHILD_SEQ      = #{childSeq}
          , RECORD_DY      = #{recordDy}
          , RECORD_TM      = #{recordTm}
          , NEW_ITEM_YN    = #{newItemYn}
          , ITEM_CD        = #{itemCd}
          , INJ_PART_CD    = #{injPartCd}
          , INJ_VOL        = #{injVol}
          , RECORD_COMMENT = #{recordComment}
          , MDFY_DT        = NOW()
          , MDFY_ID        = #{_loginId}
        WHERE CHILD_SEQ = #{childSeq}
          AND RECORD_DY = #{recordDy}
        ]]>
    </update>

    <update id="updateAlarm">
        <![CDATA[
        /* ChlInjectionMapper.updateAlarm */
        UPDATE ETC_ALARM
        SET AL_YN     = #{alYn}
          , AL_TM     = #{alTm}
          , MON_YN    = #{monYn}
          , TUE_YN    = #{tueYn}
          , WED_YN    = #{wedYn}
          , THU_YN    = #{thuYn}
          , FRI_YN    = #{friYn}
          , SAT_YN    = #{satYn}
          , SUN_YN    = #{sunYn}
          , MDFY_DT   = NOW()
          , MDFY_ID   = #{_loginId}
        WHERE USER_SEQ = #{userSeq}
          AND CHILD_SEQ = #{childSeq}
        ]]>
    </update>

    <!-- //////////////////////////////////////////////////////////////////////////////////// -->
    <!-- DELETE -->
    <!-- //////////////////////////////////////////////////////////////////////////////////// -->
</mapper>
