<?xml version="1.0" encoding="UTF-8"?>
<!DOCTYPE mapper PUBLIC "-//mybatis.org//DTD Mapper 3.0//EN" "http://mybatis.org/dtd/mybatis-3-mapper.dtd">

<mapper namespace="com.dai.zarada_back.mapper.ComCategorydetailMapper">
    <!-- //////////////////////////////////////////////////////////////////////////////////// -->
    <!-- TABLE BASIC -->
    <!-- //////////////////////////////////////////////////////////////////////////////////// -->

    <select id="selectComCategorydetail" resultType="com.dai.zarada_back.entity.ComCategorydetailEntity">
        <![CDATA[
        /* ComCategorydetailMapper.selectComCategorydetail */
        SELECT CLSF_CD
             , COMN_CD
             , COMN_NM
             , COMN_DTL_NM
             , USE_YN
             , SORT
             , BIGO1
             , BIGO2
             , BIGO3
             , BIGO4
             , BIGO5
             , RGST_DT
             , RGST_ID
             , MDFY_DT
             , MDFY_ID
        FROM COM_CATEGORYDETAIL
        WHERE 1 = 1
        ]]>
        <if test='clsfCd != null and !"".equals(clsfCd)'>
            <![CDATA[
          AND CLSF_CD = #{clsfCd}
            ]]>
        </if>
        <if test='comnCd != null and !"".equals(comnCd)'>
            <![CDATA[
          AND COMN_CD = #{comnCd}
            ]]>
        </if>
        <if test='useYn != null and !"".equals(useYn)'>
            <![CDATA[
          AND USE_YN = #{useYn}
            ]]>
        </if>
        <![CDATA[
        ORDER BY CLSF_CD, SORT
        ]]>
    </select>

    <insert id="insertComCategorydetail">
        <![CDATA[
        /* ComCategorydetailMapper.insertComCategorydetail */
        INSERT INTO COM_CATEGORYDETAIL ( CLSF_CD
                                       , COMN_CD
                                       , COMN_NM
                                       , COMN_DTL_NM
                                       , USE_YN
                                       , SORT
                                       , BIGO1
                                       , BIGO2
                                       , BIGO3
                                       , BIGO4
                                       , BIGO5
                                       , RGST_DT
                                       , RGST_ID
                                       , MDFY_DT
                                       , MDFY_ID)
        VALUES ( #{clsfCd}
               , #{comnCd}
               , #{comnNm}
               , #{comnDtlNm}
               , #{useYn}
               , #{sort}
               , #{bigo1}
               , #{bigo2}
               , #{bigo3}
               , #{bigo4}
               , #{bigo5}
               , NOW()
               , #{_loginId}
               , NOW()
               , #{_loginId})
        ]]>
    </insert>

    <update id="updateComCategorydetail">
        <![CDATA[
        /* ComCategorydetailMapper.updateComCategorydetail */
        UPDATE COM_CATEGORYDETAIL
        SET COMN_NM     = #{comnNm}
          , COMN_DTL_NM = #{comnDtlNm}
          , USE_YN      = #{useYn}
          , SORT        = #{sort}
          , BIGO1       = #{bigo1}
          , BIGO2       = #{bigo2}
          , BIGO3       = #{bigo3}
          , BIGO4       = #{bigo4}
          , BIGO5       = #{bigo5}
          , MDFY_DT     = NOW()
          , MDFY_ID     = #{_loginId}
        WHERE CLSF_CD = #{clsfCd}
          AND COMN_CD = #{comnCd}
        ]]>
    </update>

    <delete id="deleteComCategorydetail">
        <![CDATA[
        /* ComCategorydetailMapper.deleteComCategorydetail */
        DELETE
        FROM COM_CATEGORYDETAIL
        WHERE CLSF_CD = #{clsfCd}
          AND COMN_CD = #{comnCd}
        ]]>
    </delete>

    <!-- //////////////////////////////////////////////////////////////////////////////////// -->
    <!-- SELECT -->
    <!-- //////////////////////////////////////////////////////////////////////////////////// -->

    <select id="selectStdHospital" resultType="com.dai.zarada_back.entity.StdHospitalEntity">
        <![CDATA[
        /* ComCategorydetailMapper.selectStdHospital */
        SELECT HOSPITAL_SEQ
             , LOCAL
             , LOCAL_HOST
             , HOSPITAL_NM
        FROM STD_HOSPITAL
        ORDER BY HOSPITAL_NM
        ]]>
    </select>

    <!-- //////////////////////////////////////////////////////////////////////////////////// -->
    <!-- INSERT -->
    <!-- //////////////////////////////////////////////////////////////////////////////////// -->

    <!-- //////////////////////////////////////////////////////////////////////////////////// -->
    <!-- UPDATE -->
    <!-- //////////////////////////////////////////////////////////////////////////////////// -->

    <!-- //////////////////////////////////////////////////////////////////////////////////// -->
    <!-- DELETE -->
    <!-- //////////////////////////////////////////////////////////////////////////////////// -->
</mapper>
