<?xml version="1.0" encoding="UTF-8"?>
<!DOCTYPE mapper PUBLIC "-//mybatis.org//DTD Mapper 3.0//EN" "http://mybatis.org/dtd/mybatis-3-mapper.dtd">

<mapper namespace="com.dai.zarada_back.mapper.EtcNoticeMapper">
    <!-- //////////////////////////////////////////////////////////////////////////////////// -->
    <!-- TABLE BASIC -->
    <!-- //////////////////////////////////////////////////////////////////////////////////// -->

    <select id="selectNotice" resultType="com.dai.zarada_back.entity.EtcNoticeEntity">
        <![CDATA[
        /* EtcNoticeMapper.selectNotice */
        SELECT NOTICE_SEQ
             , NOTICE_TITLE
             , NOTICE_CONTENT
             , TOP_YN
             , RGST_DT
             , RGST_ID
             , MDFY_DT
             , MDFY_ID
             , DATE_FORMAT(RGST_DT, '%Y-%m-%d') AS WRITE_DY
             , DATE_FORMAT(RGST_DT, '%H:%i:%s') AS WRITE_TM
        FROM ETC_NOTICE
        WHERE 1 = 1
        ]]>
        <if test='noticeSeq != null and noticeSeq != 0'>
            <![CDATA[
          AND NOTICE_SEQ = #{noticeSeq}
            ]]>
        </if>
        <![CDATA[
        ORDER BY NOTICE_SEQ
        ]]>
    </select>

    <insert id="insertNotice">
        <![CDATA[
        /* EtcNoticeMapper.insertNotice */
        INSERT INTO ETC_NOTICE ( NOTICE_TITLE
                               , NOTICE_CONTENT
                               , TOP_YN
                               , RGST_DT
                               , RGST_ID
                               , MDFY_DT
                               , MDFY_ID)
        VALUES ( #{noticeTitle}
               , #{noticeContent}
               , #{topYn}
               , NOW()
               , #{_loginId}
               , NOW()
               , #{_loginId})
        ]]>
    </insert>

    <update id="updateNotice">
        <![CDATA[
        /* EtcNoticeMapper.updateNotice */
        UPDATE ETC_NOTICE
        SET NOTICE_TITLE   = #{noticeTitle}
          , NOTICE_CONTENT = #{noticeContent}
          , TOP_YN         = #{topYn}
          , MDFY_DT        = NOW()
          , MDFY_ID        = #{_loginId}
        WHERE NOTICE_SEQ = #{noticeSeq}
        ]]>
    </update>

    <delete id="deleteNotice">
        <![CDATA[
        /* EtcNoticeMapper.deleteNotice */
        DELETE
        FROM ETC_NOTICE
        WHERE NOTICE_SEQ = #{noticeSeq}
        ]]>
    </delete>

    <!-- //////////////////////////////////////////////////////////////////////////////////// -->
    <!-- SELECT -->
    <!-- //////////////////////////////////////////////////////////////////////////////////// -->

    <select id="selectNoticeListCount" resultType="com.dai.zarada_back.entity.CountEntity">
        <![CDATA[
        /* EtcNoticeMapper.selectNoticeListCount */
        SELECT COUNT(*) AS COUNT
        FROM ETC_NOTICE
        ]]>
    </select>

    <select id="selectNoticeList" resultType="com.dai.zarada_back.entity.NoticeListEntity">
        <![CDATA[
        /* EtcNoticeMapper.selectNoticeList */
        SELECT NOTICE_SEQ
             , NOTICE_TITLE
             , TOP_YN
             , DATE_FORMAT(RGST_DT, '%Y-%m-%d') AS WRITE_DY
             , DATE_FORMAT(RGST_DT, '%H:%i:%s') AS WRITE_TM
        FROM ETC_NOTICE
        ORDER BY TOP_YN DESC, NOTICE_SEQ DESC
            LIMIT #{page}, #{size}
        ]]>
    </select>

    <!-- //////////////////////////////////////////////////////////////////////////////////// -->
    <!-- INSERT -->
    <!-- //////////////////////////////////////////////////////////////////////////////////// -->

    <!-- //////////////////////////////////////////////////////////////////////////////////// -->
    <!-- UPDATE -->
    <!-- //////////////////////////////////////////////////////////////////////////////////// -->

    <!-- //////////////////////////////////////////////////////////////////////////////////// -->
    <!-- DELETE -->
    <!-- //////////////////////////////////////////////////////////////////////////////////// -->
</mapper>
