<?xml version="1.0" encoding="UTF-8"?>
<!DOCTYPE mapper PUBLIC "-//mybatis.org//DTD Mapper 3.0//EN" "http://mybatis.org/dtd/mybatis-3-mapper.dtd">

<mapper namespace="com.dai.zarada_back.mapper.UsrUserMapper">
    <!-- //////////////////////////////////////////////////////////////////////////////////// -->
    <!-- TABLE BASIC -->
    <!-- //////////////////////////////////////////////////////////////////////////////////// -->

    <select id="selectUsrUser" resultType="com.dai.zarada_back.entity.UsrUserEntity">
        <![CDATA[
        /* UsrUserMapper.selectUsrUser */
        SELECT USER_SEQ
             , USER_ID
             , USER_PW
             , USER_NAME
             , BIRTHDAY
             , GENDER_CD
             , PHONE
             , ZIP_CODE
             , ADDR
             , ADDR_DTL
             , EMAIL
             , JOIN_DT
             , APP_STAT_CD
             , APP_ID
             , APP_DY
             , MEMO
             , ROLE
             , FCM_TOKEN
             , RGST_DT
             , RGST_ID
             , MDFY_DT
             , MDFY_ID
        FROM USR_USER
        WHERE 1 = 1
        ]]>
        <if test='userSeq != null and userSeq != 0'>
            <![CDATA[
          AND USER_SEQ = #{userSeq}
            ]]>
        </if>
        <if test='userId != null and !"".equals(userId)'>
            <![CDATA[
          AND USER_ID = #{userId}
            ]]>
        </if>
        <if test='userPw != null and !"".equals(userPw)'>
            <![CDATA[
          AND USER_PW = #{userPw}
            ]]>
        </if>
        <if test='phone != null and !"".equals(phone)'>
            <![CDATA[
          AND PHONE = #{phone}
            ]]>
        </if>
        <if test='role != null and !"".equals(role)'>
            <![CDATA[
          AND ROLE = #{role}
            ]]>
        </if>
        <![CDATA[
        ORDER BY USER_SEQ
        ]]>
    </select>

    <insert id="insertUsrUser">
        <![CDATA[
        /* UsrUserMapper.insertUsrUser */
        INSERT INTO USR_USER ( USER_ID
                             , USER_PW
                             , USER_NAME
                             , BIRTHDAY
                             , GENDER_CD
                             , PHONE
                             , ZIP_CODE
                             , ADDR
                             , ADDR_DTL
                             , EMAIL
                             , JOIN_DT
                             , APP_STAT_CD
                             , APP_ID
                             , APP_DY
                             , MEMO
                             , ROLE
                             , FCM_TOKEN
                             , RGST_DT
                             , RGST_ID
                             , MDFY_DT
                             , MDFY_ID)
        VALUES ( #{userId}
               , #{userPw}
               , #{userName}
               , #{birthday}
               , #{genderCd}
               , #{phone}
               , #{zipCode}
               , #{addr}
               , #{addrDtl}
               , #{email}
               , NOW()
               , #{appStatCd}
               , #{appId}
               , #{appDy}
               , #{memo}
               , #{role}
               , #{fcmToken}
               , NOW()
               , #{_loginId}
               , NOW()
               , #{_loginId})
        ]]>
    </insert>

    <update id="updateUsrUser">
        <![CDATA[
        /* UsrUserMapper.updateUsrUser */
        UPDATE USR_USER
        SET USER_ID     = #{userId}
          , USER_PW     = #{userPw}
          , USER_NAME   = #{userName}
          , BIRTHDAY    = #{birthday}
          , GENDER_CD   = #{genderCd}
          , PHONE       = #{phone}
          , ZIP_CODE    = #{zipCode}
          , ADDR        = #{addr}
          , ADDR_DTL    = #{addrDtl}
          , EMAIL       = #{email}
          , JOIN_DT     = #{joinDt}
          , APP_STAT_CD = #{appStatCd}
          , APP_ID      = #{appId}
          , APP_DY      = #{appDy}
          , MEMO        = #{memo}
          , ROLE        = #{role}
          , FCM_TOKEN   = #{fcmToken}
          , MDFY_DT     = NOW()
          , MDFY_ID     = #{_loginId}
        WHERE USER_SEQ = #{userSeq}
        ]]>
    </update>

    <delete id="deleteUsrUser">
        <![CDATA[
        /* UsrUserMapper.deleteUsrUser */
        DELETE
        FROM USR_USER
        WHERE USER_SEQ = #{userSeq}
        ]]>
    </delete>

    <!-- //////////////////////////////////////////////////////////////////////////////////// -->
    <!-- SELECT -->
    <!-- //////////////////////////////////////////////////////////////////////////////////// -->

    <select id="selectNurseCombo" resultType="com.dai.zarada_back.entity.NurseComboEntity">
        <![CDATA[
        /* UsrUserMapper.selectNurseCombo */
        SELECT USER_SEQ
             , USER_ID
             , USER_NAME
             , PHONE
             , ROLE
        FROM USR_USER
        WHERE 1 = 1
          AND ROLE = 'ROLE_NURSE'
        ORDER BY USER_NAME
        ]]>
    </select>

    <select id="selectNurseListCount" resultType="com.dai.zarada_back.entity.CountEntity">
        <![CDATA[
        /* UsrUserMapper.selectNurseListCount */
        SELECT COUNT(*) AS COUNT
        FROM USR_USER
        WHERE ROLE = 'ROLE_NURSE'
        ]]>
    </select>

    <select id="selectNurseList" resultType="com.dai.zarada_back.entity.NurseListEntity">
        <![CDATA[
        /* UsrUserMapper.selectNurseList */
        SELECT USER_SEQ
             , USER_ID
             , USER_NAME
             , PHONE
             , ROLE
        FROM USR_USER
        WHERE ROLE = 'ROLE_NURSE'
        ORDER BY USER_NAME
            LIMIT #{page}, #{size}
        ]]>
    </select>

    <select id="selectNurseDetail" resultType="com.dai.zarada_back.entity.NurseDetailEntity">
        <![CDATA[
        /* UsrUserMapper.selectNurseDetail */
        SELECT USER_SEQ
             , USER_ID
             , USER_NAME
             , PHONE
             , ROLE
        FROM USR_USER
        WHERE USER_SEQ = #{userSeq}
          AND ROLE = 'ROLE_NURSE'
        ]]>
    </select>

    <select id="selectUserListCount" resultType="com.dai.zarada_back.entity.CountEntity">
        <![CDATA[
        /* UsrUserMapper.selectUserListCount */
        SELECT COUNT(*) AS COUNT
        FROM USR_USER
        WHERE 1 = 1
          AND ROLE = 'ROLE_USER'
        ]]>
        <if test='appStatCd != null and !"".equals(appStatCd)'>
            <![CDATA[
          AND APP_STAT_CD = #{appStatCd}
            ]]>
        </if>
        <if test='myAppYn != null and "Y".equals(myAppYn)'>
            <![CDATA[
          AND APP_ID = #{_loginId}
            ]]>
        </if>
        <if test='searchDvsn != null and !"".equals(searchDvsn) and searchText != null and !"".equals(searchText)'>
            <if test='"I".equals(searchDvsn)'>
                <![CDATA[
          AND USER_ID LIKE CONCAT('%', #{searchText}, '%')
                ]]>
            </if>
            <if test='"N".equals(searchDvsn)'>
                <![CDATA[
          AND USER_NAME LIKE CONCAT('%', #{searchText}, '%')
                ]]>
            </if>
            <if test='"P".equals(searchDvsn)'>
                <![CDATA[
          AND PHONE = #{searchText}
                ]]>
            </if>
        </if>
    </select>

    <select id="selectUserList" resultType="com.dai.zarada_back.entity.UserListEntity">
        <![CDATA[
        /* UsrUserMapper.selectUserList */
        SELECT A.USER_SEQ
             , A.USER_ID
             , A.USER_NAME
             , A.PHONE
             , A.JOIN_DT
             , A.APP_STAT_CD
             , (SELECT C.COMN_NM FROM COM_CATEGORYDETAIL C WHERE C.CLSF_CD = 'APP_STAT_CD' AND C.COMN_CD = A.APP_STAT_CD) AS APP_STAT_NM
        FROM USR_USER A
        WHERE 1 = 1
          AND A.ROLE = 'ROLE_USER'
        ]]>
        <if test='appStatCd != null and !"".equals(appStatCd)'>
            <![CDATA[
          AND A.APP_STAT_CD = #{appStatCd}
            ]]>
        </if>
        <if test='myAppYn != null and "Y".equals(myAppYn)'>
            <![CDATA[
          AND A.APP_ID = #{_loginId}
            ]]>
        </if>
        <if test='searchDvsn != null and !"".equals(searchDvsn) and searchText != null and !"".equals(searchText)'>
            <if test='"I".equals(searchDvsn)'>
                <![CDATA[
          AND A.USER_ID LIKE CONCAT('%', #{searchText}, '%')
                ]]>
            </if>
            <if test='"N".equals(searchDvsn)'>
                <![CDATA[
          AND A.USER_NAME LIKE CONCAT('%', #{searchText}, '%')
                ]]>
            </if>
            <if test='"P".equals(searchDvsn)'>
                <![CDATA[
          AND A.PHONE = #{searchText}
                ]]>
            </if>
        </if>
        <![CDATA[
        ORDER BY A.APP_STAT_CD
               , A.JOIN_DT DESC
               , A.USER_NAME
            LIMIT #{page}, #{size}
        ]]>
    </select>

    <!-- //////////////////////////////////////////////////////////////////////////////////// -->
    <!-- INSERT -->
    <!-- //////////////////////////////////////////////////////////////////////////////////// -->

    <insert id="insertUsrLoginlog">
        <![CDATA[
        /* UsrUserMapper.insertUsrLoginlog */
        INSERT INTO USR_LOGINLOG ( USER_SEQ
                                 , USER_ID
                                 , LOGIN_DT)
        VALUES ( #{userSeq}
               , #{userId}
               , NOW())
        ]]>
    </insert>

    <insert id="insertUsrPsninfo">
        <![CDATA[
        /* UsrUserMapper.insertUsrPsninfo */
        INSERT INTO USR_PSNINFO ( USER_SEQ
                                , PSN_INFO_DVSN
                                , CONSENT_YN
                                , CONSENT_STR_DT
                                , CONSENT_END_DT)
        VALUES ( #{userSeq}
               , #{psnInfoDvsn}
               , #{consentYn}
               , #{psnInfoDvsn10}
               , DATE_ADD(#{psnInfoDvsn10}, INTERVAL 3 YEAR))
        ]]>
    </insert>

    <insert id="insertUsrWithdrawal">
        <![CDATA[
        /* UsrUserMapper.insertUsrWithdrawal */
        INSERT INTO USR_WITHDRAWAL ( USER_SEQ
                                   , USER_ID
                                   , WITHDRAWAL_DT)
        VALUES ( #{userSeq}
               , #{userId}
               , NOW())
        ]]>
    </insert>

    <insert id="insertNurse">
        <![CDATA[
        /* UsrUserMapper.insertNurse */
        INSERT INTO USR_USER ( USER_ID
                             , USER_PW
                             , USER_NAME
                             , PHONE
                             , ROLE
                             , RGST_DT
                             , RGST_ID
                             , MDFY_DT
                             , MDFY_ID)
        VALUES ( #{userId}
               , #{userPw}
               , #{userName}
               , #{phone}
               , 'ROLE_NURSE'
               , NOW()
               , #{_loginId}
               , NOW()
               , #{_loginId})
        ]]>
    </insert>

    <!-- //////////////////////////////////////////////////////////////////////////////////// -->
    <!-- UPDATE -->
    <!-- //////////////////////////////////////////////////////////////////////////////////// -->

    <update id="updateFcmToken">
        <![CDATA[
        /* UsrUserMapper.updateFcmToken */
        UPDATE USR_USER
        SET FCM_TOKEN = #{fcmToken}
        WHERE USER_SEQ = #{userSeq}
        ]]>
    </update>

    <update id="updateUserPw">
        <![CDATA[
        /* UsrUserMapper.updateUserPw */
        UPDATE USR_USER
        SET USER_PW = #{userPw}
        WHERE USER_SEQ = #{userSeq}
        ]]>
    </update>

    <update id="updateMypage">
        <![CDATA[
        /* UsrUserMapper.updateMypage */
        UPDATE USR_USER
        SET USER_NAME = #{userName}
          , BIRTHDAY  = #{birthday}
          , GENDER_CD = #{genderCd}
          , PHONE     = #{phone}
          , ZIP_CODE  = #{zipCode}
          , ADDR      = #{addr}
          , ADDR_DTL  = #{addrDtl}
          , EMAIL     = #{email}
          , MDFY_DT   = NOW()
          , MDFY_ID   = #{_loginId}
        WHERE USER_SEQ = #{userSeq}
        ]]>
    </update>

    <update id="updateNurse">
        <![CDATA[
        /* UsrUserMapper.updateNurse */
        UPDATE USR_USER
        SET USER_ID   = #{userId}
          , USER_PW   = #{userPw}
          , USER_NAME = #{userName}
          , PHONE     = #{phone}
          , ROLE      = 'ROLE_NURSE'
          , MDFY_DT   = NOW()
          , MDFY_ID   = #{_loginId}
        WHERE USER_SEQ = #{userSeq}
        ]]>
    </update>

    <update id="updateUserMemo">
        <![CDATA[
        /* UsrUserMapper.updateUserMemo */
        UPDATE USR_USER
        SET MEMO    = #{memo}
          , MDFY_DT = NOW()
          , MDFY_ID = #{_loginId}
        WHERE USER_SEQ = #{userSeq}
          AND ROLE = 'ROLE_USER'
        ]]>
    </update>

    <update id="updateUserStat">
        <![CDATA[
        /* UsrUserMapper.updateUserStat */
        UPDATE USR_USER
        SET APP_STAT_CD = #{appStatCd}
          , APP_ID      = #{appId}
          , APP_DY      = #{appDy}
          , MDFY_DT     = NOW()
          , MDFY_ID     = #{_loginId}
        WHERE USER_SEQ = #{userSeq}
          AND ROLE = 'ROLE_USER'
        ]]>
    </update>

    <!-- //////////////////////////////////////////////////////////////////////////////////// -->
    <!-- DELETE -->
    <!-- //////////////////////////////////////////////////////////////////////////////////// -->
</mapper>
