<?xml version="1.0" encoding="UTF-8"?>
<Configuration status="WARN">
    <Appenders>
        <Console name="Console" target="SYSTEM_OUT">
            <PatternLayout pattern="%d{yyyy-MM-dd HH:mm:ss} [%thread] %-5level %logger{36} - %msg%n"/>
        </Console>

        <!--로그 파일 저장-->
        <RollingFile name="File" fileName="logs/zarada_back.log"
                     filePattern="logs/%d{yyyyMMdd_HHmmss} zarada_back.log">
            <PatternLayout pattern="%d{yyyy-MM-dd HH:mm:ss} [%thread] %-5level %logger{36} - %msg%n"/>
            <Policies>
                <!--로그 파일 용량-->
                <SizeBasedTriggeringPolicy size="10MB"/>
            </Policies>
            <DefaultRolloverStrategy>
                <Delete basePath="logs" maxDepth="1">
                    <!--로그 파일 최대 개수-->
                    <IfAccumulatedFileCount exceeds="101"/>
                </Delete>
            </DefaultRolloverStrategy>
        </RollingFile>
    </Appenders>

    <Loggers>
        <Logger name="jdbc" level="OFF"/>
        <Logger name="jdbc.sqlonly" level="OFF"/>
        <Logger name="jdbc.sqltiming" level="DEBUG"/>
        <Logger name="jdbc.audit" level="OFF"/>
        <Logger name="jdbc.resultset" level="OFF"/>
        <Logger name="jdbc.resultsettable" level="OFF"/>
        <Logger name="jdbc.connection" level="OFF"/>
        <Root level="INFO">
            <AppenderRef ref="Console"/>
            <AppenderRef ref="File"/>
        </Root>
    </Loggers>
</Configuration>
